smoore0@odnoklassniki.ru,z4f0Htxe,Steven,Moore
jwest1@comsenz.com,NKKApsS,John,West
ijones2@about.me,hcQr8FKONBL,Irene,Jones
bwest3@dell.com,qWJPnt,Bobby,West
rbutler4@nature.com,IfcvkJwUN5,Roger,Butler
ghowell5@desdev.cn,exVNKLOg,Gerald,Howell
rmeyer6@cyberchimps.com,RKfquC5c,Randy,Meyer
pmartinez7@nifty.com,mF3FKPopP4S1,Patrick,Martinez
rbrown8@about.com,FKMcUJQtXU,Roy,Brown
kpowell9@diigo.com,BeYIB1U8,Katherine,Powell
kwellsa@bbc.co.uk,3qJiZALVs,Katherine,Wells
mmyersb@cnbc.com,h1hzMFP,Margaret,Myers
asimpsonc@uiuc.edu,aBTDqbunV,Amy,Simpson
eharperd@vistaprint.com,yEaQVty,Elizabeth,Harper
kjamese@wikispaces.com,08ZevhXblf,Katherine,James
jruizf@indiatimes.com,3yBL0v,Jeffrey,Ruiz
jkingg@fda.gov,xUAVaWfUyaa,Jacqueline,King
kwarrenh@homestead.com,osf4fwbCkM,Kevin,Warren
ladamsi@people.com.cn,wrqd9CeSagf,Lawrence,Adams
jparkerj@merriam-webster.com,CkQ7CmqEd,Julia,Parker
mspencerk@businessweek.com,jdH2MwoubD,Michelle,Spencer
dbowmanl@woothemes.com,vlkS9tIx8BjD,Donna,Bowman
dmeyerm@mapquest.com,DEPGFSspGyEK,Dorothy,Meyer
mpiercen@amazon.com,ZLKbxECQ8pw,Martin,Pierce
dthomaso@mozilla.org,vzj5plz,Dennis,Thomas
pmurrayp@google.ru,Q3mqjvcbJVw,Paul,Murray
twilliamsonq@nasa.gov,bdimsBWsBE4Q,Theresa,Williamson
mknightr@cbc.ca,w9c8XUkB,Martin,Knight
dpalmers@e-recht24.de,oV7yBmTNSq,David,Palmer
blopezt@nature.com,sEiZivWR,Barbara,Lopez
sbutleru@networkadvertising.org,yt2FX4sh96yX,Sean,Butler
jruizv@linkedin.com,5BrXP5w,Jimmy,Ruiz
pandersonw@ucoz.ru,7QpZ9ekJ2,Paul,Anderson
bmartinezx@newsvine.com,1IddL7WfKiNM,Bruce,Martinez
hhowardy@jalbum.net,TkTsWqQvtfA,Howard,Howard
hbradleyz@thetimes.co.uk,5OJfYDIg,Helen,Bradley
mtaylor10@hostgator.com,FNe3tVFJbFHw,Maria,Taylor
bsanders11@de.vu,6JImbvAt4D,Billy,Sanders
kbutler12@auda.org.au,K1iWMgL,Karen,Butler
wreid13@vinaora.com,LgtYsMsqP,Willie,Reid
cgarrett14@statcounter.com,Pi9utIBQU1ng,Carol,Garrett
gtaylor15@ehow.com,uvvfpM,George,Taylor
pmiller16@google.it,QAbK1bbW,Paul,Miller
dlewis17@youtu.be,R8ouNhIl,David,Lewis
jwashington18@nsw.gov.au,DKiCW47HfrCM,Jimmy,Washington
elynch19@google.co.uk,ArKxvmwE,Eugene,Lynch
rblack1a@dell.com,tsQq9WlK,Rachel,Black
tmoreno1b@netscape.com,vca9u7QcO,Thomas,Moreno
cross1c@flickr.com,6dSTdro,Clarence,Ross
mmccoy1d@webeden.co.uk,cc5fSAC,Michael,Mccoy
rking1e@bbc.co.uk,0yHMVaS5,Ruth,King
mhunter1f@usnews.com,5MP3XbPtzV,Martha,Hunter
rpierce1g@icio.us,FJUEUj5jWk,Ryan,Pierce
lmills1h@telegraph.co.uk,UpzthtAY9V9,Lillian,Mills
abutler1i@imageshack.us,qN15Jr3,Andrew,Butler
aryan1j@cdc.gov,Kre1BhpoCR,Alice,Ryan
bcoleman1k@prlog.org,bs4VBH,Bonnie,Coleman
clawrence1l@list-manage.com,dA2Ljfx,Clarence,Lawrence
jporter1m@spiegel.de,oTKrpeL6CCfc,Johnny,Porter
jriley1n@foxnews.com,ROKWwegBpsc6,Jessica,Riley
lwilliams1o@yandex.ru,65dU4zwUqD,Lisa,Williams
pwheeler1p@php.net,qex0Dv,Paul,Wheeler
jrodriguez1q@exblog.jp,PrVPF4kP,Joan,Rodriguez
egomez1r@psu.edu,cBJ3Mvfr,Earl,Gomez
lfuller1s@mlb.com,9DrpApl5,Lori,Fuller
mlong1t@ihg.com,bYRgaQQ,Mildred,Long
epierce1u@booking.com,Qif63hrag,Earl,Pierce
cjohnson1v@google.cn,X9UboIVWpP,Craig,Johnson
ebrooks1w@pinterest.com,wrFUryCRap5M,Evelyn,Brooks
jarmstrong1x@goo.gl,OSrI9g2PDtf,Joe,Armstrong
tlewis1y@msn.com,VKQ8gw,Tammy,Lewis
mcunningham1z@a8.net,dm2i3pIZps,Marie,Cunningham
cwatkins20@tumblr.com,tDbO2QnGrx,Craig,Watkins
jmontgomery21@hud.gov,apV9hRk9,Jane,Montgomery
rromero22@wordpress.org,nnlXrU1PdO8,Robert,Romero
akelley23@nbcnews.com,xgc6gs,Alan,Kelley
ereid24@deliciousdays.com,3k53HN1l2B,Ernest,Reid
khenderson25@walmart.com,XY2ckG,Keith,Henderson
rspencer26@earthlink.net,7rqBL2t,Ruby,Spencer
abrown27@vkontakte.ru,Ip7y2ew9WZm,Anne,Brown
asnyder28@google.de,gPdvNE,Aaron,Snyder
jstephens29@cbsnews.com,dpxsVUIz,Jennifer,Stephens
rjames2a@gnu.org,vMqxb6,Randy,James
elittle2b@bandcamp.com,NKotJ6UxJzj,Eric,Little
kmiller2c@naver.com,cqphsT,Kelly,Miller
rwilson2d@guardian.co.uk,UdKCju2WHbi,Rachel,Wilson
lstone2e@purevolume.com,EX4Sqa2J7vJ,Lois,Stone
wcastillo2f@ask.com,MFrvyHO8gK,Wayne,Castillo
rdiaz2g@soup.io,KTRsEw6e,Richard,Diaz
jcastillo2h@gizmodo.com,PPZacFLteI,Jesse,Castillo
wflores2i@woothemes.com,2n530xRrTOf,William,Flores
rreyes2j@squarespace.com,G9oWTa8mpiu,Rebecca,Reyes
mharvey2k@google.pl,riVIdHlusRf1,Martha,Harvey
lford2l@squidoo.com,T6TS9JpKRC5O,Laura,Ford
sriley2m@google.cn,LtX8Ju,Sean,Riley
dcole2n@privacy.gov.au,33aj1YAw83lV,David,Cole
jphillips2o@wiley.com,0Ex95fgbc,Johnny,Phillips
tharrison2p@github.com,UXhlObe,Tammy,Harrison
jpeterson2q@nifty.com,JMLJ73,Jeremy,Peterson
slong2r@webeden.co.uk,4aybTKNv2LUz,Stephen,Long
jharrison2s@yellowpages.com,ai7CwNjwcC1,Joshua,Harrison
jhenry2t@163.com,yQ49E2uv,Jimmy,Henry
jhoward2u@un.org,V7YNiz33lxD,Jose,Howard
cburns2v@businesswire.com,bge2Bd4,Cynthia,Burns
kknight2w@japanpost.jp,gpY107T1o,Kathryn,Knight
dallen2x@yale.edu,FfA1KJKX,Donald,Allen
psnyder2y@simplemachines.org,uib1w1tAT,Phyllis,Snyder
eburton2z@pen.io,PFmQ0d,Eugene,Burton
cfreeman30@aboutads.info,OI9TOaMKQve,Christine,Freeman
aruiz31@businesswire.com,bbKqnNjr,Arthur,Ruiz
ahughes32@bing.com,pGWvI070c,Andrew,Hughes
jweaver33@studiopress.com,zjuuqaCaV,Julia,Weaver
fsims34@twitpic.com,7jTMJu,Frank,Sims
jking35@deliciousdays.com,8LeroohdwlC,Jonathan,King
ebailey36@mit.edu,dzrnij9Pl7bQ,Emily,Bailey
rjohnson37@ucsd.edu,CN64rVJ,Ryan,Johnson
jowens38@columbia.edu,POynxG,Justin,Owens
tgutierrez39@fda.gov,9BbWPv,Teresa,Gutierrez
jjones3a@youtube.com,Mi3ZCo,Jessica,Jones
jdiaz3b@independent.co.uk,Et7DypQZ3,Janet,Diaz
rthompson3c@google.ca,P37y0hepz,Randy,Thompson
amitchell3d@ihg.com,2WQFpLYG,Amanda,Mitchell
jmartinez3e@taobao.com,UpV2Z38oNk,Joe,Martinez
molson3f@dot.gov,9JgumRK,Marie,Olson
dpayne3g@google.de,QyE9T7gLkxgY,Donald,Payne
hwalker3h@theglobeandmail.com,vioXJcyrN,Harry,Walker
mlong3i@newsvine.com,1lAIxw,Maria,Long
jhunter3j@quantcast.com,a95v9wk,Juan,Hunter
jandrews3k@unc.edu,yc2e2UgN,Jimmy,Andrews
dchavez3l@dion.ne.jp,UPyZ0Qg,Doris,Chavez
redwards3m@ebay.co.uk,8SHwDiPFe4e,Rachel,Edwards
lmeyer3n@dell.com,6kXoUnQk8M,Lois,Meyer
chicks3o@elegantthemes.com,cd4wQN2iIO1,Cynthia,Hicks
sgreen3p@usda.gov,HGJ24XC3p,Sharon,Green
khill3q@livejournal.com,MdPDSWTr,Kelly,Hill
bpeterson3r@opera.com,0ZL9NVB,Bobby,Peterson
eelliott3s@nba.com,KG3TyJHt6jq,Ernest,Elliott
crichards3t@mysql.com,oiu8404vx,Carolyn,Richards
cmorales3u@webeden.co.uk,3w8jUTd,Carl,Morales
cmcdonald3v@webeden.co.uk,XCmMrK2o2Zvz,Christina,Mcdonald
skelly3w@domainmarket.com,VSxMHo0gHZ,Susan,Kelly
ffranklin3x@guardian.co.uk,mr7MhgG9T,Fred,Franklin
jgonzalez3y@oaic.gov.au,wWFJze2d,Joe,Gonzalez
jjenkins3z@skype.com,EQPGYK3UJ,Jean,Jenkins
jturner40@timesonline.co.uk,9KORMpJlPyP,Janet,Turner
mrose41@sitemeter.com,1ZJv2D,Marie,Rose
ccunningham42@nbcnews.com,nEwftA,Cheryl,Cunningham
sburton43@twitter.com,TwfYGI58,Stephanie,Burton
breid44@facebook.com,pYEcsiv,Brenda,Reid
kgonzales45@examiner.com,ftYWCqWlfSa,Kimberly,Gonzales
krichards46@telegraph.co.uk,lwTWyol,Katherine,Richards
rkim47@salon.com,CTHKmYR,Russell,Kim
ibrown48@businessinsider.com,wX4hnQ,Irene,Brown
pwebb49@prweb.com,6YOB42g,Patricia,Webb
kgarza4a@cmu.edu,Rx3u3EwmIo54,Katherine,Garza
plong4b@home.pl,doI6zJ70COe3,Phyllis,Long
tdixon4c@guardian.co.uk,5L6neFkZ,Teresa,Dixon
rwoods4d@samsung.com,lbXqeN,Randy,Woods
mmyers4e@networksolutions.com,9csEv8s2N5gO,Mark,Myers
mevans4f@diigo.com,wflkUgxnrPu8,Melissa,Evans
mcruz4g@csmonitor.com,QtrCxujH1dI,Mark,Cruz
jperkins4h@shinystat.com,oQG6RTXMII,Jeffrey,Perkins
lgeorge4i@latimes.com,fCTSNBka,Lois,George
eedwards4j@nps.gov,8TaFOT0zP,Elizabeth,Edwards
amccoy4k@boston.com,MnvJyf0t,Ashley,Mccoy
cmendoza4l@google.nl,TfCx5ENeDqLZ,Craig,Mendoza
tthompson4m@umich.edu,1UJwfq15lE,Teresa,Thompson
emedina4n@cam.ac.uk,NCpHSA,Elizabeth,Medina
jcollins4o@slate.com,AwkU63,Juan,Collins
dwilliamson4p@businesswire.com,sixq4gJHIun,Douglas,Williamson
smorales4q@infoseek.co.jp,dTpADIxYs,Shawn,Morales
schavez4r@berkeley.edu,GSqh80Yab,Scott,Chavez
lgibson4s@list-manage.com,n8BI4Rcgqi,Lois,Gibson
tkim4t@example.com,XGUrix,Teresa,Kim
jlynch4u@webmd.com,7xC1Ikxg,John,Lynch
mmiller4v@friendfeed.com,93Gn4NoU,Mildred,Miller
rnelson4w@youtu.be,144R8GEtCc,Rose,Nelson
dfernandez4x@hp.com,zx1J49xHzPp6,Douglas,Fernandez
pnichols4y@ca.gov,1gcnT9xRdoo,Patrick,Nichols
preid4z@clickbank.net,0VtvAmt,Paula,Reid
lgreen50@list-manage.com,ZSn8Ph9x2M,Larry,Green
awashington51@tiny.cc,RhYIoUfK2v,Annie,Washington
kking52@mapquest.com,9EjqKVw2qe,Karen,King
jelliott53@businessinsider.com,FyfovFX,James,Elliott
bhicks54@blogtalkradio.com,DNDISUl,Beverly,Hicks
jlee55@alibaba.com,Kc66QMMRu,Jack,Lee
jhowell56@soundcloud.com,lfiRCr,Joyce,Howell
mmorrison57@chronoengine.com,ATZ5wZEdLfPq,Marilyn,Morrison
bmiller58@yandex.ru,FUjRNC,Brandon,Miller
awilliamson59@simplemachines.org,Yl22a5oGzpw,Alan,Williamson
tcruz5a@flickr.com,9x6eDNCwsKok,Todd,Cruz
dmills5b@harvard.edu,exuwcOtztB,David,Mills
mhanson5c@mail.ru,hthYjwZs,Martha,Hanson
hbennett5d@storify.com,qclGHzXq,Henry,Bennett
irobinson5e@comcast.net,9lviI3SX,Irene,Robinson
mjenkins5f@usatoday.com,yXaPBQ,Mildred,Jenkins
parmstrong5g@parallels.com,avLVNIYMKf,Phillip,Armstrong
cwest5h@qq.com,ufRNrGIZ,Christina,West
chill5i@wp.com,uFppqSDV9,Christopher,Hill
amoreno5j@msn.com,N4BMCHILS,Aaron,Moreno
akim5k@sogou.com,hun77Tu,Annie,Kim
srussell5l@bloglines.com,GKlNRaF1s7,Sean,Russell
cmoreno5m@shinystat.com,LsmItBQACeoH,Cynthia,Moreno
sedwards5n@oracle.com,OkWswaV,Samuel,Edwards
cmartinez5o@elegantthemes.com,T5LnIVlnX,Carol,Martinez
kbaker5p@devhub.com,Cq90Lsil,Kevin,Baker
ddunn5q@amazon.de,YN7Rgcxq,Douglas,Dunn
edunn5r@exblog.jp,ku7voe126q4y,Elizabeth,Dunn
ltaylor5s@booking.com,qE9g44s,Louise,Taylor
dolson5t@php.net,XZw9oh,Donald,Olson
kphillips5u@gov.uk,s3sJWF1,Keith,Phillips
jsanchez5v@newyorker.com,0guyie,James,Sanchez
jjacobs5w@sfgate.com,4JvWCm,Joan,Jacobs
twatson5x@infoseek.co.jp,nnvPe8,Todd,Watson
rbradley5y@cdbaby.com,Ipzs0o,Roy,Bradley
sgutierrez5z@msn.com,0a5DEsMwQf0,Sara,Gutierrez
bknight60@kickstarter.com,W2QLKq2d,Beverly,Knight
bwelch61@wikispaces.com,eVIJeiT,Betty,Welch
shunt62@cbsnews.com,krYcn2p5TUQ,Samuel,Hunt
abell63@rakuten.co.jp,DJ8Ss3BqL1,Anthony,Bell
nray64@yandex.ru,VGYe0YU,Nicholas,Ray
pfisher65@google.nl,Lp3eR6,Pamela,Fisher
cphillips66@webs.com,OL6xTQyqaVCd,Cheryl,Phillips
apatterson67@dedecms.com,b9qPQSG2nbI,Andrea,Patterson
jaustin68@answers.com,IVmDSg,Joshua,Austin
jblack69@intel.com,tA7fwO7c4G,James,Black
bcastillo6a@hibu.com,rSTak2xInWmU,Beverly,Castillo
sryan6b@4shared.com,Aze0qkxTVt,Scott,Ryan
swood6c@51.la,BWwAwCU,Sarah,Wood
abarnes6d@reddit.com,XtQtDkpCMU5,Albert,Barnes
awagner6e@163.com,GEhF4i,Ann,Wagner
lwillis6f@patch.com,lKtWYnlcH,Lois,Willis
syoung6g@gravatar.com,dUoFw43wd,Susan,Young
jcastillo6h@constantcontact.com,y4AfHcRJHC,Joshua,Castillo
tdixon6i@pcworld.com,AqDqZqmlO,Todd,Dixon
cprice6j@amazon.co.uk,qmKLeBJkNUb,Carlos,Price
troberts6k@youtu.be,ZVaIGJ,Tina,Roberts
jcarpenter6l@instagram.com,7qZ8sHub,Jane,Carpenter
jlittle6m@hatena.ne.jp,gk18TZoAvY,Jerry,Little
charvey6n@e-recht24.de,DkVspu,Carol,Harvey
carmstrong6o@virginia.edu,6ksz6WKqy,Carol,Armstrong
dturner6p@google.ru,hZmUeX,Diana,Turner
ayoung6q@behance.net,USFYLIcE,Alice,Young
rthomas6r@buzzfeed.com,clYw734,Rebecca,Thomas
ppayne6s@reddit.com,YAtQjV,Pamela,Payne
khart6t@fda.gov,6PLf6y6uh,Keith,Hart
dgarcia6u@sciencedaily.com,d9zVPw,Daniel,Garcia
wcook6v@washingtonpost.com,0K1WqR,Walter,Cook
rweaver6w@soundcloud.com,p4fJGqquj,Roger,Weaver
sramirez6x@parallels.com,xo3SyUwfiLeV,Sara,Ramirez
